NVTX Range,Style,PID,TID,NVTX Inst,Kern Inst,Total Time (ns),Avg (ns),Med (ns),Min (ns),Max (ns),StdDev (ns),Kernel Name
,,1773542,1773542,0,6,4800774,800129.0,799899.5,411102,1189978,425994.8,"void flash_lab::<unnamed>::decode_kernel<__nv_bfloat16, (int)128, (int)1>(flash_lab::DecodeParams)"
,,1773542,1773542,0,3,4700136,1566712.0,1566360.0,1564824,1568952,2086.4,"void flash_lab::<unnamed>::decode_copy_kernel<__nv_bfloat16, (int)128>(flash_lab::DecodeParams)"
,,1773542,1773542,0,6,4497286,749547.7,749004.0,747228,751963,1923.4,"void at::native::elementwise_kernel<(int)128, (int)4, void at::native::gpu_kernel_impl_nocast<at::native::direct_copy_kernel_cuda(at::TensorIteratorBase &)::[lambda() (instance 3)]::operator ()() const::[lambda() (instance 12)]::operator ()() const::[lambda(c10::BFloat16) (instance 1)]>(at::TensorIteratorBase &, const T1 &)::[lambda(int) (instance 1)]>(int, T3)"
,,1773542,1773542,0,3,1203098,401032.7,599645.0,1792,601661,345754.0,"void at::native::<unnamed>::distribution_elementwise_grid_stride_kernel<float, (int)4, void at::native::templates::cuda::normal_and_transform<c10::BFloat16, float, at::CUDAGeneratorImpl *, void at::native::templates::cuda::normal_kernel<at::CUDAGeneratorImpl *>(const at::TensorBase &, double, double, T1)::[lambda() (instance 1)]::operator ()() const::[lambda() (instance 4)]::operator ()() const::[lambda(float) (instance 1)]>(at::TensorIteratorBase &, T3, T4)::[lambda(curandStatePhilox4_32_10 *) (instance 2)], void at::native::<unnamed>::distribution_nullary_kernel<c10::BFloat16, float, float4, at::CUDAGeneratorImpl *, void at::native::templates::cuda::normal_and_transform<c10::BFloat16, float, at::CUDAGeneratorImpl *, void at::native::templates::cuda::normal_kernel<at::CUDAGeneratorImpl *>(const at::TensorBase &, double, double, T1)::[lambda() (instance 1)]::operator ()() const::[lambda() (instance 4)]::operator ()() const::[lambda(float) (instance 1)]>(at::TensorIteratorBase &, T3, T4)::[lambda(curandStatePhilox4_32_10 *) (instance 2)], void at::native::templates::cuda::normal_kernel<at::CUDAGeneratorImpl *>(const at::TensorBase &, double, double, T1)::[lambda() (instance 1)]::operator ()() const::[lambda() (instance 4)]::operator ()() const::[lambda(float) (instance 1)]>(at::TensorIteratorBase &, T4, const T5 &, T6)::[lambda(int, float) (instance 1)]>(long, at::PhiloxCudaState, T3, T4)"
,,1773542,1773542,0,3,25279,8426.3,8480.0,8287,8512,121.7,void flash_lab::<unnamed>::merge_kernel<__nv_bfloat16>(flash_lab::DecodeParams)
,,1773542,1773542,0,3,6431,2143.7,2176.0,1951,2304,178.7,"void at::native::reduce_kernel<(int)512, (int)1, at::native::ReduceOp<int, at::native::func_wrapper_t<int, at::native::MaxNanFunctor<int>>, unsigned int, int, (int)4, (int)4>>(T3)"
,,1773542,1773542,0,1,992,992.0,992.0,992,992,0.0,"void at::native::vectorized_elementwise_kernel<(int)4, at::native::FillFunctor<int>, std::array<char *, (unsigned long)1>>(int, T2, T3)"
:decode_copy:step,PushPop,1773542,1773542,20,20,31319067,1565953.4,1565975.0,1560632,1571864,3011.0,"void flash_lab::<unnamed>::decode_copy_kernel<__nv_bfloat16, (int)128>(flash_lab::DecodeParams)"
:decode_copy:step,PushPop,1773542,1773542,20,40,29937214,748430.4,748828.0,747132,750556,946.4,"void at::native::elementwise_kernel<(int)128, (int)4, void at::native::gpu_kernel_impl_nocast<at::native::direct_copy_kernel_cuda(at::TensorIteratorBase &)::[lambda() (instance 3)]::operator ()() const::[lambda() (instance 12)]::operator ()() const::[lambda(c10::BFloat16) (instance 1)]>(at::TensorIteratorBase &, const T1 &)::[lambda(int) (instance 1)]>(int, T3)"
:decode_copy:step,PushPop,1773542,1773542,20,20,41406,2070.3,2080.0,2047,2176,29.6,"void at::native::reduce_kernel<(int)512, (int)1, at::native::ReduceOp<int, at::native::func_wrapper_t<int, at::native::MaxNanFunctor<int>>, unsigned int, int, (int)4, (int)4>>(T3)"
:decode_inplace:step,PushPop,1773542,1773542,20,20,23785987,1189299.4,1189145.5,1187002,1192186,1353.1,"void flash_lab::<unnamed>::decode_kernel<__nv_bfloat16, (int)128, (int)1>(flash_lab::DecodeParams)"
:splitkv:step,PushPop,1773542,1773542,20,20,8226643,411332.2,411470.0,410493,412254,458.0,"void flash_lab::<unnamed>::decode_kernel<__nv_bfloat16, (int)128, (int)1>(flash_lab::DecodeParams)"
:splitkv:step,PushPop,1773542,1773542,20,20,166943,8347.2,8320.0,8160,8544,106.6,void flash_lab::<unnamed>::merge_kernel<__nv_bfloat16>(flash_lab::DecodeParams)
